article_title,NASA's MAVEN Observes Martian Light Show Caused by Major Solar Storm
article_teaser,For the first time in its eight years orbiting Mars, NASAâs MAVEN mission witnessed two different types of ultraviolet aurorae simultaneously, the result of solar storms that began on Aug. 27.
article_title,NASA's MAVEN Observes Martian Light Show Caused by Major Solar Storm
article_teaser,A closer look at what goes into wrapping up the mission as the spacecraftâs power supply continues to dwindle.
article_title,NASA's MAVEN Observes Martian Light Show Caused by Major Solar Storm
article_teaser,The agencyâs Perseverance rover will establish the first sample depot on Mars.
article_title,NASA's MAVEN Observes Martian Light Show Caused by Major Solar Storm
article_teaser,The agencyâs lander felt the ground shake during the impact while cameras aboard the Mars Reconnaissance Orbiter spotted the yawning new crater from space.
article_title,NASA's MAVEN Observes Martian Light Show Caused by Major Solar Storm
article_teaser,Scientists from two Mars missions will discuss how they combined images and data for a major finding on the Red Planet.
article_title,NASA's MAVEN Observes Martian Light Show Caused by Major Solar Storm
article_teaser,Like a carâs crumple zone, the experimental SHIELD lander is designed to absorb a hard impact.
article_title,NASA's MAVEN Observes Martian Light Show Caused by Major Solar Storm
article_teaser,After years of climbing, the Mars rover has arrived at a special region believed to have formed as Marsâ climate was drying.
article_title,NASA's MAVEN Observes Martian Light Show Caused by Major Solar Storm
article_teaser,Protecting Mars Sample Return spacecraft from micrometeorites requires high-caliber work.
article_title,NASA's MAVEN Observes Martian Light Show Caused by Major Solar Storm
article_teaser,InSightâs team is taking steps to help the solar-powered lander continue operating for as long as possible.
article_title,NASA's MAVEN Observes Martian Light Show Caused by Major Solar Storm
article_teaser,The Mars landerâs seismometer has picked up vibrations from four separate impacts in the past two years.
article_title,NASA's MAVEN Observes Martian Light Show Caused by Major Solar Storm
article_teaser,The latest findings provide greater detail on a region of the Red Planet that has a watery past and is yielding promising samples for the NASA-ESA Mars Sample Return campaign.
article_title,NASA's MAVEN Observes Martian Light Show Caused by Major Solar Storm
article_teaser,Members of the mission will discuss the roverâs activities as it gathers samples in an ancient river delta.
article_title,NASA's MAVEN Observes Martian Light Show Caused by Major Solar Storm
article_teaser,The rover found that Jezero Craterâs floor is made up of volcanic rocks that have interacted with water.
article_title,NASA's MAVEN Observes Martian Light Show Caused by Major Solar Storm
article_teaser,Despite signs of wear, the intrepid spacecraft is about to start an exciting new chapter of its mission as it climbs a Martian mountain.
article_title,NASA's MAVEN Observes Martian Light Show Caused by Major Solar Storm
article_teaser,âSelfieâ of the Curiosity rover with inset showing the SAM instrument prior to installation on the rover.
article_title,NASA Prepares to Say 'Farewell' to InSight Spacecraft
article_teaser,For the first time in its eight years orbiting Mars, NASAâs MAVEN mission witnessed two different types of ultraviolet aurorae simultaneously, the result of solar storms that began on Aug. 27.
article_title,NASA Prepares to Say 'Farewell' to InSight Spacecraft
article_teaser,A closer look at what goes into wrapping up the mission as the spacecraftâs power supply continues to dwindle.
article_title,NASA Prepares to Say 'Farewell' to InSight Spacecraft
article_teaser,The agencyâs Perseverance rover will establish the first sample depot on Mars.
article_title,NASA Prepares to Say 'Farewell' to InSight Spacecraft
article_teaser,The agencyâs lander felt the ground shake during the impact while cameras aboard the Mars Reconnaissance Orbiter spotted the yawning new crater from space.
article_title,NASA Prepares to Say 'Farewell' to InSight Spacecraft
article_teaser,Scientists from two Mars missions will discuss how they combined images and data for a major finding on the Red Planet.
article_title,NASA Prepares to Say 'Farewell' to InSight Spacecraft
article_teaser,Like a carâs crumple zone, the experimental SHIELD lander is designed to absorb a hard impact.
article_title,NASA Prepares to Say 'Farewell' to InSight Spacecraft
article_teaser,After years of climbing, the Mars rover has arrived at a special region believed to have formed as Marsâ climate was drying.
article_title,NASA Prepares to Say 'Farewell' to InSight Spacecraft
article_teaser,Protecting Mars Sample Return spacecraft from micrometeorites requires high-caliber work.
article_title,NASA Prepares to Say 'Farewell' to InSight Spacecraft
article_teaser,InSightâs team is taking steps to help the solar-powered lander continue operating for as long as possible.
article_title,NASA Prepares to Say 'Farewell' to InSight Spacecraft
article_teaser,The Mars landerâs seismometer has picked up vibrations from four separate impacts in the past two years.
article_title,NASA Prepares to Say 'Farewell' to InSight Spacecraft
article_teaser,The latest findings provide greater detail on a region of the Red Planet that has a watery past and is yielding promising samples for the NASA-ESA Mars Sample Return campaign.
article_title,NASA Prepares to Say 'Farewell' to InSight Spacecraft
article_teaser,Members of the mission will discuss the roverâs activities as it gathers samples in an ancient river delta.
article_title,NASA Prepares to Say 'Farewell' to InSight Spacecraft
article_teaser,The rover found that Jezero Craterâs floor is made up of volcanic rocks that have interacted with water.
article_title,NASA Prepares to Say 'Farewell' to InSight Spacecraft
article_teaser,Despite signs of wear, the intrepid spacecraft is about to start an exciting new chapter of its mission as it climbs a Martian mountain.
article_title,NASA Prepares to Say 'Farewell' to InSight Spacecraft
article_teaser,âSelfieâ of the Curiosity rover with inset showing the SAM instrument prior to installation on the rover.
article_title,NASA and ESA Agree on Next Steps to Return Mars Samples to Earth
article_teaser,For the first time in its eight years orbiting Mars, NASAâs MAVEN mission witnessed two different types of ultraviolet aurorae simultaneously, the result of solar storms that began on Aug. 27.
article_title,NASA and ESA Agree on Next Steps to Return Mars Samples to Earth
article_teaser,A closer look at what goes into wrapping up the mission as the spacecraftâs power supply continues to dwindle.
article_title,NASA and ESA Agree on Next Steps to Return Mars Samples to Earth
article_teaser,The agencyâs Perseverance rover will establish the first sample depot on Mars.
article_title,NASA and ESA Agree on Next Steps to Return Mars Samples to Earth
article_teaser,The agencyâs lander felt the ground shake during the impact while cameras aboard the Mars Reconnaissance Orbiter spotted the yawning new crater from space.
article_title,NASA and ESA Agree on Next Steps to Return Mars Samples to Earth
article_teaser,Scientists from two Mars missions will discuss how they combined images and data for a major finding on the Red Planet.
article_title,NASA and ESA Agree on Next Steps to Return Mars Samples to Earth
article_teaser,Like a carâs crumple zone, the experimental SHIELD lander is designed to absorb a hard impact.
article_title,NASA and ESA Agree on Next Steps to Return Mars Samples to Earth
article_teaser,After years of climbing, the Mars rover has arrived at a special region believed to have formed as Marsâ climate was drying.
article_title,NASA and ESA Agree on Next Steps to Return Mars Samples to Earth
article_teaser,Protecting Mars Sample Return spacecraft from micrometeorites requires high-caliber work.
article_title,NASA and ESA Agree on Next Steps to Return Mars Samples to Earth
article_teaser,InSightâs team is taking steps to help the solar-powered lander continue operating for as long as possible.
article_title,NASA and ESA Agree on Next Steps to Return Mars Samples to Earth
article_teaser,The Mars landerâs seismometer has picked up vibrations from four separate impacts in the past two years.
article_title,NASA and ESA Agree on Next Steps to Return Mars Samples to Earth
article_teaser,The latest findings provide greater detail on a region of the Red Planet that has a watery past and is yielding promising samples for the NASA-ESA Mars Sample Return campaign.
article_title,NASA and ESA Agree on Next Steps to Return Mars Samples to Earth
article_teaser,Members of the mission will discuss the roverâs activities as it gathers samples in an ancient river delta.
article_title,NASA and ESA Agree on Next Steps to Return Mars Samples to Earth
article_teaser,The rover found that Jezero Craterâs floor is made up of volcanic rocks that have interacted with water.
article_title,NASA and ESA Agree on Next Steps to Return Mars Samples to Earth
article_teaser,Despite signs of wear, the intrepid spacecraft is about to start an exciting new chapter of its mission as it climbs a Martian mountain.
article_title,NASA and ESA Agree on Next Steps to Return Mars Samples to Earth
article_teaser,âSelfieâ of the Curiosity rover with inset showing the SAM instrument prior to installation on the rover.
article_title,NASA's InSight Lander Detects Stunning Meteoroid Impact on Mars
article_teaser,For the first time in its eight years orbiting Mars, NASAâs MAVEN mission witnessed two different types of ultraviolet aurorae simultaneously, the result of solar storms that began on Aug. 27.
article_title,NASA's InSight Lander Detects Stunning Meteoroid Impact on Mars
article_teaser,A closer look at what goes into wrapping up the mission as the spacecraftâs power supply continues to dwindle.
article_title,NASA's InSight Lander Detects Stunning Meteoroid Impact on Mars
article_teaser,The agencyâs Perseverance rover will establish the first sample depot on Mars.
article_title,NASA's InSight Lander Detects Stunning Meteoroid Impact on Mars
article_teaser,The agencyâs lander felt the ground shake during the impact while cameras aboard the Mars Reconnaissance Orbiter spotted the yawning new crater from space.
article_title,NASA's InSight Lander Detects Stunning Meteoroid Impact on Mars
article_teaser,Scientists from two Mars missions will discuss how they combined images and data for a major finding on the Red Planet.
article_title,NASA's InSight Lander Detects Stunning Meteoroid Impact on Mars
article_teaser,Like a carâs crumple zone, the experimental SHIELD lander is designed to absorb a hard impact.
article_title,NASA's InSight Lander Detects Stunning Meteoroid Impact on Mars
article_teaser,After years of climbing, the Mars rover has arrived at a special region believed to have formed as Marsâ climate was drying.
article_title,NASA's InSight Lander Detects Stunning Meteoroid Impact on Mars
article_teaser,Protecting Mars Sample Return spacecraft from micrometeorites requires high-caliber work.
article_title,NASA's InSight Lander Detects Stunning Meteoroid Impact on Mars
article_teaser,InSightâs team is taking steps to help the solar-powered lander continue operating for as long as possible.
article_title,NASA's InSight Lander Detects Stunning Meteoroid Impact on Mars
article_teaser,The Mars landerâs seismometer has picked up vibrations from four separate impacts in the past two years.
article_title,NASA's InSight Lander Detects Stunning Meteoroid Impact on Mars
article_teaser,The latest findings provide greater detail on a region of the Red Planet that has a watery past and is yielding promising samples for the NASA-ESA Mars Sample Return campaign.
article_title,NASA's InSight Lander Detects Stunning Meteoroid Impact on Mars
article_teaser,Members of the mission will discuss the roverâs activities as it gathers samples in an ancient river delta.
article_title,NASA's InSight Lander Detects Stunning Meteoroid Impact on Mars
article_teaser,The rover found that Jezero Craterâs floor is made up of volcanic rocks that have interacted with water.
article_title,NASA's InSight Lander Detects Stunning Meteoroid Impact on Mars
article_teaser,Despite signs of wear, the intrepid spacecraft is about to start an exciting new chapter of its mission as it climbs a Martian mountain.
article_title,NASA's InSight Lander Detects Stunning Meteoroid Impact on Mars
article_teaser,âSelfieâ of the Curiosity rover with inset showing the SAM instrument prior to installation on the rover.
article_title,NASA To Host Briefing on InSight, Mars Reconnaissance Orbiter Findings
article_teaser,For the first time in its eight years orbiting Mars, NASAâs MAVEN mission witnessed two different types of ultraviolet aurorae simultaneously, the result of solar storms that began on Aug. 27.
article_title,NASA To Host Briefing on InSight, Mars Reconnaissance Orbiter Findings
article_teaser,A closer look at what goes into wrapping up the mission as the spacecraftâs power supply continues to dwindle.
article_title,NASA To Host Briefing on InSight, Mars Reconnaissance Orbiter Findings
article_teaser,The agencyâs Perseverance rover will establish the first sample depot on Mars.
article_title,NASA To Host Briefing on InSight, Mars Reconnaissance Orbiter Findings
article_teaser,The agencyâs lander felt the ground shake during the impact while cameras aboard the Mars Reconnaissance Orbiter spotted the yawning new crater from space.
article_title,NASA To Host Briefing on InSight, Mars Reconnaissance Orbiter Findings
article_teaser,Scientists from two Mars missions will discuss how they combined images and data for a major finding on the Red Planet.
article_title,NASA To Host Briefing on InSight, Mars Reconnaissance Orbiter Findings
article_teaser,Like a carâs crumple zone, the experimental SHIELD lander is designed to absorb a hard impact.
article_title,NASA To Host Briefing on InSight, Mars Reconnaissance Orbiter Findings
article_teaser,After years of climbing, the Mars rover has arrived at a special region believed to have formed as Marsâ climate was drying.
article_title,NASA To Host Briefing on InSight, Mars Reconnaissance Orbiter Findings
article_teaser,Protecting Mars Sample Return spacecraft from micrometeorites requires high-caliber work.
article_title,NASA To Host Briefing on InSight, Mars Reconnaissance Orbiter Findings
article_teaser,InSightâs team is taking steps to help the solar-powered lander continue operating for as long as possible.
article_title,NASA To Host Briefing on InSight, Mars Reconnaissance Orbiter Findings
article_teaser,The Mars landerâs seismometer has picked up vibrations from four separate impacts in the past two years.
article_title,NASA To Host Briefing on InSight, Mars Reconnaissance Orbiter Findings
article_teaser,The latest findings provide greater detail on a region of the Red Planet that has a watery past and is yielding promising samples for the NASA-ESA Mars Sample Return campaign.
article_title,NASA To Host Briefing on InSight, Mars Reconnaissance Orbiter Findings
article_teaser,Members of the mission will discuss the roverâs activities as it gathers samples in an ancient river delta.
article_title,NASA To Host Briefing on InSight, Mars Reconnaissance Orbiter Findings
article_teaser,The rover found that Jezero Craterâs floor is made up of volcanic rocks that have interacted with water.
article_title,NASA To Host Briefing on InSight, Mars Reconnaissance Orbiter Findings
article_teaser,Despite signs of wear, the intrepid spacecraft is about to start an exciting new chapter of its mission as it climbs a Martian mountain.
article_title,NASA To Host Briefing on InSight, Mars Reconnaissance Orbiter Findings
article_teaser,âSelfieâ of the Curiosity rover with inset showing the SAM instrument prior to installation on the rover.
article_title,Why NASA Is Trying To Crash Land on Mars
article_teaser,For the first time in its eight years orbiting Mars, NASAâs MAVEN mission witnessed two different types of ultraviolet aurorae simultaneously, the result of solar storms that began on Aug. 27.
article_title,Why NASA Is Trying To Crash Land on Mars
article_teaser,A closer look at what goes into wrapping up the mission as the spacecraftâs power supply continues to dwindle.
article_title,Why NASA Is Trying To Crash Land on Mars
article_teaser,The agencyâs Perseverance rover will establish the first sample depot on Mars.
article_title,Why NASA Is Trying To Crash Land on Mars
article_teaser,The agencyâs lander felt the ground shake during the impact while cameras aboard the Mars Reconnaissance Orbiter spotted the yawning new crater from space.
article_title,Why NASA Is Trying To Crash Land on Mars
article_teaser,Scientists from two Mars missions will discuss how they combined images and data for a major finding on the Red Planet.
article_title,Why NASA Is Trying To Crash Land on Mars
article_teaser,Like a carâs crumple zone, the experimental SHIELD lander is designed to absorb a hard impact.
article_title,Why NASA Is Trying To Crash Land on Mars
article_teaser,After years of climbing, the Mars rover has arrived at a special region believed to have formed as Marsâ climate was drying.
article_title,Why NASA Is Trying To Crash Land on Mars
article_teaser,Protecting Mars Sample Return spacecraft from micrometeorites requires high-caliber work.
article_title,Why NASA Is Trying To Crash Land on Mars
article_teaser,InSightâs team is taking steps to help the solar-powered lander continue operating for as long as possible.
article_title,Why NASA Is Trying To Crash Land on Mars
article_teaser,The Mars landerâs seismometer has picked up vibrations from four separate impacts in the past two years.
article_title,Why NASA Is Trying To Crash Land on Mars
article_teaser,The latest findings provide greater detail on a region of the Red Planet that has a watery past and is yielding promising samples for the NASA-ESA Mars Sample Return campaign.
article_title,Why NASA Is Trying To Crash Land on Mars
article_teaser,Members of the mission will discuss the roverâs activities as it gathers samples in an ancient river delta.
article_title,Why NASA Is Trying To Crash Land on Mars
article_teaser,The rover found that Jezero Craterâs floor is made up of volcanic rocks that have interacted with water.
article_title,Why NASA Is Trying To Crash Land on Mars
article_teaser,Despite signs of wear, the intrepid spacecraft is about to start an exciting new chapter of its mission as it climbs a Martian mountain.
article_title,Why NASA Is Trying To Crash Land on Mars
article_teaser,âSelfieâ of the Curiosity rover with inset showing the SAM instrument prior to installation on the rover.
article_title,Curiosity Mars Rover Reaches Long-Awaited Salty Region
article_teaser,For the first time in its eight years orbiting Mars, NASAâs MAVEN mission witnessed two different types of ultraviolet aurorae simultaneously, the result of solar storms that began on Aug. 27.
article_title,Curiosity Mars Rover Reaches Long-Awaited Salty Region
article_teaser,A closer look at what goes into wrapping up the mission as the spacecraftâs power supply continues to dwindle.
article_title,Curiosity Mars Rover Reaches Long-Awaited Salty Region
article_teaser,The agencyâs Perseverance rover will establish the first sample depot on Mars.
article_title,Curiosity Mars Rover Reaches Long-Awaited Salty Region
article_teaser,The agencyâs lander felt the ground shake during the impact while cameras aboard the Mars Reconnaissance Orbiter spotted the yawning new crater from space.
article_title,Curiosity Mars Rover Reaches Long-Awaited Salty Region
article_teaser,Scientists from two Mars missions will discuss how they combined images and data for a major finding on the Red Planet.
article_title,Curiosity Mars Rover Reaches Long-Awaited Salty Region
article_teaser,Like a carâs crumple zone, the experimental SHIELD lander is designed to absorb a hard impact.
article_title,Curiosity Mars Rover Reaches Long-Awaited Salty Region
article_teaser,After years of climbing, the Mars rover has arrived at a special region believed to have formed as Marsâ climate was drying.
article_title,Curiosity Mars Rover Reaches Long-Awaited Salty Region
article_teaser,Protecting Mars Sample Return spacecraft from micrometeorites requires high-caliber work.
article_title,Curiosity Mars Rover Reaches Long-Awaited Salty Region
article_teaser,InSightâs team is taking steps to help the solar-powered lander continue operating for as long as possible.
article_title,Curiosity Mars Rover Reaches Long-Awaited Salty Region
article_teaser,The Mars landerâs seismometer has picked up vibrations from four separate impacts in the past two years.
article_title,Curiosity Mars Rover Reaches Long-Awaited Salty Region
article_teaser,The latest findings provide greater detail on a region of the Red Planet that has a watery past and is yielding promising samples for the NASA-ESA Mars Sample Return campaign.
article_title,Curiosity Mars Rover Reaches Long-Awaited Salty Region
article_teaser,Members of the mission will discuss the roverâs activities as it gathers samples in an ancient river delta.
article_title,Curiosity Mars Rover Reaches Long-Awaited Salty Region
article_teaser,The rover found that Jezero Craterâs floor is made up of volcanic rocks that have interacted with water.
article_title,Curiosity Mars Rover Reaches Long-Awaited Salty Region
article_teaser,Despite signs of wear, the intrepid spacecraft is about to start an exciting new chapter of its mission as it climbs a Martian mountain.
article_title,Curiosity Mars Rover Reaches Long-Awaited Salty Region
article_teaser,âSelfieâ of the Curiosity rover with inset showing the SAM instrument prior to installation on the rover.
article_title,Mars Mission Shields Up for Tests
article_teaser,For the first time in its eight years orbiting Mars, NASAâs MAVEN mission witnessed two different types of ultraviolet aurorae simultaneously, the result of solar storms that began on Aug. 27.
article_title,Mars Mission Shields Up for Tests
article_teaser,A closer look at what goes into wrapping up the mission as the spacecraftâs power supply continues to dwindle.
article_title,Mars Mission Shields Up for Tests
article_teaser,The agencyâs Perseverance rover will establish the first sample depot on Mars.
article_title,Mars Mission Shields Up for Tests
article_teaser,The agencyâs lander felt the ground shake during the impact while cameras aboard the Mars Reconnaissance Orbiter spotted the yawning new crater from space.
article_title,Mars Mission Shields Up for Tests
article_teaser,Scientists from two Mars missions will discuss how they combined images and data for a major finding on the Red Planet.
article_title,Mars Mission Shields Up for Tests
article_teaser,Like a carâs crumple zone, the experimental SHIELD lander is designed to absorb a hard impact.
article_title,Mars Mission Shields Up for Tests
article_teaser,After years of climbing, the Mars rover has arrived at a special region believed to have formed as Marsâ climate was drying.
article_title,Mars Mission Shields Up for Tests
article_teaser,Protecting Mars Sample Return spacecraft from micrometeorites requires high-caliber work.
article_title,Mars Mission Shields Up for Tests
article_teaser,InSightâs team is taking steps to help the solar-powered lander continue operating for as long as possible.
article_title,Mars Mission Shields Up for Tests
article_teaser,The Mars landerâs seismometer has picked up vibrations from four separate impacts in the past two years.
article_title,Mars Mission Shields Up for Tests
article_teaser,The latest findings provide greater detail on a region of the Red Planet that has a watery past and is yielding promising samples for the NASA-ESA Mars Sample Return campaign.
article_title,Mars Mission Shields Up for Tests
article_teaser,Members of the mission will discuss the roverâs activities as it gathers samples in an ancient river delta.
article_title,Mars Mission Shields Up for Tests
article_teaser,The rover found that Jezero Craterâs floor is made up of volcanic rocks that have interacted with water.
article_title,Mars Mission Shields Up for Tests
article_teaser,Despite signs of wear, the intrepid spacecraft is about to start an exciting new chapter of its mission as it climbs a Martian mountain.
article_title,Mars Mission Shields Up for Tests
article_teaser,âSelfieâ of the Curiosity rover with inset showing the SAM instrument prior to installation on the rover.
article_title,NASA's InSight Waits Out Dust Storm
article_teaser,For the first time in its eight years orbiting Mars, NASAâs MAVEN mission witnessed two different types of ultraviolet aurorae simultaneously, the result of solar storms that began on Aug. 27.
article_title,NASA's InSight Waits Out Dust Storm
article_teaser,A closer look at what goes into wrapping up the mission as the spacecraftâs power supply continues to dwindle.
article_title,NASA's InSight Waits Out Dust Storm
article_teaser,The agencyâs Perseverance rover will establish the first sample depot on Mars.
article_title,NASA's InSight Waits Out Dust Storm
article_teaser,The agencyâs lander felt the ground shake during the impact while cameras aboard the Mars Reconnaissance Orbiter spotted the yawning new crater from space.
article_title,NASA's InSight Waits Out Dust Storm
article_teaser,Scientists from two Mars missions will discuss how they combined images and data for a major finding on the Red Planet.
article_title,NASA's InSight Waits Out Dust Storm
article_teaser,Like a carâs crumple zone, the experimental SHIELD lander is designed to absorb a hard impact.
article_title,NASA's InSight Waits Out Dust Storm
article_teaser,After years of climbing, the Mars rover has arrived at a special region believed to have formed as Marsâ climate was drying.
article_title,NASA's InSight Waits Out Dust Storm
article_teaser,Protecting Mars Sample Return spacecraft from micrometeorites requires high-caliber work.
article_title,NASA's InSight Waits Out Dust Storm
article_teaser,InSightâs team is taking steps to help the solar-powered lander continue operating for as long as possible.
article_title,NASA's InSight Waits Out Dust Storm
article_teaser,The Mars landerâs seismometer has picked up vibrations from four separate impacts in the past two years.
article_title,NASA's InSight Waits Out Dust Storm
article_teaser,The latest findings provide greater detail on a region of the Red Planet that has a watery past and is yielding promising samples for the NASA-ESA Mars Sample Return campaign.
article_title,NASA's InSight Waits Out Dust Storm
article_teaser,Members of the mission will discuss the roverâs activities as it gathers samples in an ancient river delta.
article_title,NASA's InSight Waits Out Dust Storm
article_teaser,The rover found that Jezero Craterâs floor is made up of volcanic rocks that have interacted with water.
article_title,NASA's InSight Waits Out Dust Storm
article_teaser,Despite signs of wear, the intrepid spacecraft is about to start an exciting new chapter of its mission as it climbs a Martian mountain.
article_title,NASA's InSight Waits Out Dust Storm
article_teaser,âSelfieâ of the Curiosity rover with inset showing the SAM instrument prior to installation on the rover.
article_title,NASA's InSight 'Hears' Its First Meteoroid Impacts on Mars
article_teaser,For the first time in its eight years orbiting Mars, NASAâs MAVEN mission witnessed two different types of ultraviolet aurorae simultaneously, the result of solar storms that began on Aug. 27.
article_title,NASA's InSight 'Hears' Its First Meteoroid Impacts on Mars
article_teaser,A closer look at what goes into wrapping up the mission as the spacecraftâs power supply continues to dwindle.
article_title,NASA's InSight 'Hears' Its First Meteoroid Impacts on Mars
article_teaser,The agencyâs Perseverance rover will establish the first sample depot on Mars.
article_title,NASA's InSight 'Hears' Its First Meteoroid Impacts on Mars
article_teaser,The agencyâs lander felt the ground shake during the impact while cameras aboard the Mars Reconnaissance Orbiter spotted the yawning new crater from space.
article_title,NASA's InSight 'Hears' Its First Meteoroid Impacts on Mars
article_teaser,Scientists from two Mars missions will discuss how they combined images and data for a major finding on the Red Planet.
article_title,NASA's InSight 'Hears' Its First Meteoroid Impacts on Mars
article_teaser,Like a carâs crumple zone, the experimental SHIELD lander is designed to absorb a hard impact.
article_title,NASA's InSight 'Hears' Its First Meteoroid Impacts on Mars
article_teaser,After years of climbing, the Mars rover has arrived at a special region believed to have formed as Marsâ climate was drying.
article_title,NASA's InSight 'Hears' Its First Meteoroid Impacts on Mars
article_teaser,Protecting Mars Sample Return spacecraft from micrometeorites requires high-caliber work.
article_title,NASA's InSight 'Hears' Its First Meteoroid Impacts on Mars
article_teaser,InSightâs team is taking steps to help the solar-powered lander continue operating for as long as possible.
article_title,NASA's InSight 'Hears' Its First Meteoroid Impacts on Mars
article_teaser,The Mars landerâs seismometer has picked up vibrations from four separate impacts in the past two years.
article_title,NASA's InSight 'Hears' Its First Meteoroid Impacts on Mars
article_teaser,The latest findings provide greater detail on a region of the Red Planet that has a watery past and is yielding promising samples for the NASA-ESA Mars Sample Return campaign.
article_title,NASA's InSight 'Hears' Its First Meteoroid Impacts on Mars
article_teaser,Members of the mission will discuss the roverâs activities as it gathers samples in an ancient river delta.
article_title,NASA's InSight 'Hears' Its First Meteoroid Impacts on Mars
article_teaser,The rover found that Jezero Craterâs floor is made up of volcanic rocks that have interacted with water.
article_title,NASA's InSight 'Hears' Its First Meteoroid Impacts on Mars
article_teaser,Despite signs of wear, the intrepid spacecraft is about to start an exciting new chapter of its mission as it climbs a Martian mountain.
article_title,NASA's InSight 'Hears' Its First Meteoroid Impacts on Mars
article_teaser,âSelfieâ of the Curiosity rover with inset showing the SAM instrument prior to installation on the rover.
article_title,NASA's Perseverance Rover Investigates Geologically Rich Mars Terrain
article_teaser,For the first time in its eight years orbiting Mars, NASAâs MAVEN mission witnessed two different types of ultraviolet aurorae simultaneously, the result of solar storms that began on Aug. 27.
article_title,NASA's Perseverance Rover Investigates Geologically Rich Mars Terrain
article_teaser,A closer look at what goes into wrapping up the mission as the spacecraftâs power supply continues to dwindle.
article_title,NASA's Perseverance Rover Investigates Geologically Rich Mars Terrain
article_teaser,The agencyâs Perseverance rover will establish the first sample depot on Mars.
article_title,NASA's Perseverance Rover Investigates Geologically Rich Mars Terrain
article_teaser,The agencyâs lander felt the ground shake during the impact while cameras aboard the Mars Reconnaissance Orbiter spotted the yawning new crater from space.
article_title,NASA's Perseverance Rover Investigates Geologically Rich Mars Terrain
article_teaser,Scientists from two Mars missions will discuss how they combined images and data for a major finding on the Red Planet.
article_title,NASA's Perseverance Rover Investigates Geologically Rich Mars Terrain
article_teaser,Like a carâs crumple zone, the experimental SHIELD lander is designed to absorb a hard impact.
article_title,NASA's Perseverance Rover Investigates Geologically Rich Mars Terrain
article_teaser,After years of climbing, the Mars rover has arrived at a special region believed to have formed as Marsâ climate was drying.
article_title,NASA's Perseverance Rover Investigates Geologically Rich Mars Terrain
article_teaser,Protecting Mars Sample Return spacecraft from micrometeorites requires high-caliber work.
article_title,NASA's Perseverance Rover Investigates Geologically Rich Mars Terrain
article_teaser,InSightâs team is taking steps to help the solar-powered lander continue operating for as long as possible.
article_title,NASA's Perseverance Rover Investigates Geologically Rich Mars Terrain
article_teaser,The Mars landerâs seismometer has picked up vibrations from four separate impacts in the past two years.
article_title,NASA's Perseverance Rover Investigates Geologically Rich Mars Terrain
article_teaser,The latest findings provide greater detail on a region of the Red Planet that has a watery past and is yielding promising samples for the NASA-ESA Mars Sample Return campaign.
article_title,NASA's Perseverance Rover Investigates Geologically Rich Mars Terrain
article_teaser,Members of the mission will discuss the roverâs activities as it gathers samples in an ancient river delta.
article_title,NASA's Perseverance Rover Investigates Geologically Rich Mars Terrain
article_teaser,The rover found that Jezero Craterâs floor is made up of volcanic rocks that have interacted with water.
article_title,NASA's Perseverance Rover Investigates Geologically Rich Mars Terrain
article_teaser,Despite signs of wear, the intrepid spacecraft is about to start an exciting new chapter of its mission as it climbs a Martian mountain.
article_title,NASA's Perseverance Rover Investigates Geologically Rich Mars Terrain
article_teaser,âSelfieâ of the Curiosity rover with inset showing the SAM instrument prior to installation on the rover.
article_title,NASA to Host Briefing on Perseverance Mars Rover Mission Operations
article_teaser,For the first time in its eight years orbiting Mars, NASAâs MAVEN mission witnessed two different types of ultraviolet aurorae simultaneously, the result of solar storms that began on Aug. 27.
article_title,NASA to Host Briefing on Perseverance Mars Rover Mission Operations
article_teaser,A closer look at what goes into wrapping up the mission as the spacecraftâs power supply continues to dwindle.
article_title,NASA to Host Briefing on Perseverance Mars Rover Mission Operations
article_teaser,The agencyâs Perseverance rover will establish the first sample depot on Mars.
article_title,NASA to Host Briefing on Perseverance Mars Rover Mission Operations
article_teaser,The agencyâs lander felt the ground shake during the impact while cameras aboard the Mars Reconnaissance Orbiter spotted the yawning new crater from space.
article_title,NASA to Host Briefing on Perseverance Mars Rover Mission Operations
article_teaser,Scientists from two Mars missions will discuss how they combined images and data for a major finding on the Red Planet.
article_title,NASA to Host Briefing on Perseverance Mars Rover Mission Operations
article_teaser,Like a carâs crumple zone, the experimental SHIELD lander is designed to absorb a hard impact.
article_title,NASA to Host Briefing on Perseverance Mars Rover Mission Operations
article_teaser,After years of climbing, the Mars rover has arrived at a special region believed to have formed as Marsâ climate was drying.
article_title,NASA to Host Briefing on Perseverance Mars Rover Mission Operations
article_teaser,Protecting Mars Sample Return spacecraft from micrometeorites requires high-caliber work.
article_title,NASA to Host Briefing on Perseverance Mars Rover Mission Operations
article_teaser,InSightâs team is taking steps to help the solar-powered lander continue operating for as long as possible.
article_title,NASA to Host Briefing on Perseverance Mars Rover Mission Operations
article_teaser,The Mars landerâs seismometer has picked up vibrations from four separate impacts in the past two years.
article_title,NASA to Host Briefing on Perseverance Mars Rover Mission Operations
article_teaser,The latest findings provide greater detail on a region of the Red Planet that has a watery past and is yielding promising samples for the NASA-ESA Mars Sample Return campaign.
article_title,NASA to Host Briefing on Perseverance Mars Rover Mission Operations
article_teaser,Members of the mission will discuss the roverâs activities as it gathers samples in an ancient river delta.
article_title,NASA to Host Briefing on Perseverance Mars Rover Mission Operations
article_teaser,The rover found that Jezero Craterâs floor is made up of volcanic rocks that have interacted with water.
article_title,NASA to Host Briefing on Perseverance Mars Rover Mission Operations
article_teaser,Despite signs of wear, the intrepid spacecraft is about to start an exciting new chapter of its mission as it climbs a Martian mountain.
article_title,NASA to Host Briefing on Perseverance Mars Rover Mission Operations
article_teaser,âSelfieâ of the Curiosity rover with inset showing the SAM instrument prior to installation on the rover.
article_title,NASA's Perseverance Makes New Discoveries in Mars' Jezero Crater
article_teaser,For the first time in its eight years orbiting Mars, NASAâs MAVEN mission witnessed two different types of ultraviolet aurorae simultaneously, the result of solar storms that began on Aug. 27.
article_title,NASA's Perseverance Makes New Discoveries in Mars' Jezero Crater
article_teaser,A closer look at what goes into wrapping up the mission as the spacecraftâs power supply continues to dwindle.
article_title,NASA's Perseverance Makes New Discoveries in Mars' Jezero Crater
article_teaser,The agencyâs Perseverance rover will establish the first sample depot on Mars.
article_title,NASA's Perseverance Makes New Discoveries in Mars' Jezero Crater
article_teaser,The agencyâs lander felt the ground shake during the impact while cameras aboard the Mars Reconnaissance Orbiter spotted the yawning new crater from space.
article_title,NASA's Perseverance Makes New Discoveries in Mars' Jezero Crater
article_teaser,Scientists from two Mars missions will discuss how they combined images and data for a major finding on the Red Planet.
article_title,NASA's Perseverance Makes New Discoveries in Mars' Jezero Crater
article_teaser,Like a carâs crumple zone, the experimental SHIELD lander is designed to absorb a hard impact.
article_title,NASA's Perseverance Makes New Discoveries in Mars' Jezero Crater
article_teaser,After years of climbing, the Mars rover has arrived at a special region believed to have formed as Marsâ climate was drying.
article_title,NASA's Perseverance Makes New Discoveries in Mars' Jezero Crater
article_teaser,Protecting Mars Sample Return spacecraft from micrometeorites requires high-caliber work.
article_title,NASA's Perseverance Makes New Discoveries in Mars' Jezero Crater
article_teaser,InSightâs team is taking steps to help the solar-powered lander continue operating for as long as possible.
article_title,NASA's Perseverance Makes New Discoveries in Mars' Jezero Crater
article_teaser,The Mars landerâs seismometer has picked up vibrations from four separate impacts in the past two years.
article_title,NASA's Perseverance Makes New Discoveries in Mars' Jezero Crater
article_teaser,The latest findings provide greater detail on a region of the Red Planet that has a watery past and is yielding promising samples for the NASA-ESA Mars Sample Return campaign.
article_title,NASA's Perseverance Makes New Discoveries in Mars' Jezero Crater
article_teaser,Members of the mission will discuss the roverâs activities as it gathers samples in an ancient river delta.
article_title,NASA's Perseverance Makes New Discoveries in Mars' Jezero Crater
article_teaser,The rover found that Jezero Craterâs floor is made up of volcanic rocks that have interacted with water.
article_title,NASA's Perseverance Makes New Discoveries in Mars' Jezero Crater
article_teaser,Despite signs of wear, the intrepid spacecraft is about to start an exciting new chapter of its mission as it climbs a Martian mountain.
article_title,NASA's Perseverance Makes New Discoveries in Mars' Jezero Crater
article_teaser,âSelfieâ of the Curiosity rover with inset showing the SAM instrument prior to installation on the rover.
article_title,10 Years Since Landing, NASA's Curiosity Mars Rover Still Has Drive
article_teaser,For the first time in its eight years orbiting Mars, NASAâs MAVEN mission witnessed two different types of ultraviolet aurorae simultaneously, the result of solar storms that began on Aug. 27.
article_title,10 Years Since Landing, NASA's Curiosity Mars Rover Still Has Drive
article_teaser,A closer look at what goes into wrapping up the mission as the spacecraftâs power supply continues to dwindle.
article_title,10 Years Since Landing, NASA's Curiosity Mars Rover Still Has Drive
article_teaser,The agencyâs Perseverance rover will establish the first sample depot on Mars.
article_title,10 Years Since Landing, NASA's Curiosity Mars Rover Still Has Drive
article_teaser,The agencyâs lander felt the ground shake during the impact while cameras aboard the Mars Reconnaissance Orbiter spotted the yawning new crater from space.
article_title,10 Years Since Landing, NASA's Curiosity Mars Rover Still Has Drive
article_teaser,Scientists from two Mars missions will discuss how they combined images and data for a major finding on the Red Planet.
article_title,10 Years Since Landing, NASA's Curiosity Mars Rover Still Has Drive
article_teaser,Like a carâs crumple zone, the experimental SHIELD lander is designed to absorb a hard impact.
article_title,10 Years Since Landing, NASA's Curiosity Mars Rover Still Has Drive
article_teaser,After years of climbing, the Mars rover has arrived at a special region believed to have formed as Marsâ climate was drying.
article_title,10 Years Since Landing, NASA's Curiosity Mars Rover Still Has Drive
article_teaser,Protecting Mars Sample Return spacecraft from micrometeorites requires high-caliber work.
article_title,10 Years Since Landing, NASA's Curiosity Mars Rover Still Has Drive
article_teaser,InSightâs team is taking steps to help the solar-powered lander continue operating for as long as possible.
article_title,10 Years Since Landing, NASA's Curiosity Mars Rover Still Has Drive
article_teaser,The Mars landerâs seismometer has picked up vibrations from four separate impacts in the past two years.
article_title,10 Years Since Landing, NASA's Curiosity Mars Rover Still Has Drive
article_teaser,The latest findings provide greater detail on a region of the Red Planet that has a watery past and is yielding promising samples for the NASA-ESA Mars Sample Return campaign.
article_title,10 Years Since Landing, NASA's Curiosity Mars Rover Still Has Drive
article_teaser,Members of the mission will discuss the roverâs activities as it gathers samples in an ancient river delta.
article_title,10 Years Since Landing, NASA's Curiosity Mars Rover Still Has Drive
article_teaser,The rover found that Jezero Craterâs floor is made up of volcanic rocks that have interacted with water.
article_title,10 Years Since Landing, NASA's Curiosity Mars Rover Still Has Drive
article_teaser,Despite signs of wear, the intrepid spacecraft is about to start an exciting new chapter of its mission as it climbs a Martian mountain.
article_title,10 Years Since Landing, NASA's Curiosity Mars Rover Still Has Drive
article_teaser,âSelfieâ of the Curiosity rover with inset showing the SAM instrument prior to installation on the rover.
article_title,SAM's Top 5 Discoveries Aboard NASA's Curiosity Rover at Mars
article_teaser,For the first time in its eight years orbiting Mars, NASAâs MAVEN mission witnessed two different types of ultraviolet aurorae simultaneously, the result of solar storms that began on Aug. 27.
article_title,SAM's Top 5 Discoveries Aboard NASA's Curiosity Rover at Mars
article_teaser,A closer look at what goes into wrapping up the mission as the spacecraftâs power supply continues to dwindle.
article_title,SAM's Top 5 Discoveries Aboard NASA's Curiosity Rover at Mars
article_teaser,The agencyâs Perseverance rover will establish the first sample depot on Mars.
article_title,SAM's Top 5 Discoveries Aboard NASA's Curiosity Rover at Mars
article_teaser,The agencyâs lander felt the ground shake during the impact while cameras aboard the Mars Reconnaissance Orbiter spotted the yawning new crater from space.
article_title,SAM's Top 5 Discoveries Aboard NASA's Curiosity Rover at Mars
article_teaser,Scientists from two Mars missions will discuss how they combined images and data for a major finding on the Red Planet.
article_title,SAM's Top 5 Discoveries Aboard NASA's Curiosity Rover at Mars
article_teaser,Like a carâs crumple zone, the experimental SHIELD lander is designed to absorb a hard impact.
article_title,SAM's Top 5 Discoveries Aboard NASA's Curiosity Rover at Mars
article_teaser,After years of climbing, the Mars rover has arrived at a special region believed to have formed as Marsâ climate was drying.
article_title,SAM's Top 5 Discoveries Aboard NASA's Curiosity Rover at Mars
article_teaser,Protecting Mars Sample Return spacecraft from micrometeorites requires high-caliber work.
article_title,SAM's Top 5 Discoveries Aboard NASA's Curiosity Rover at Mars
article_teaser,InSightâs team is taking steps to help the solar-powered lander continue operating for as long as possible.
article_title,SAM's Top 5 Discoveries Aboard NASA's Curiosity Rover at Mars
article_teaser,The Mars landerâs seismometer has picked up vibrations from four separate impacts in the past two years.
article_title,SAM's Top 5 Discoveries Aboard NASA's Curiosity Rover at Mars
article_teaser,The latest findings provide greater detail on a region of the Red Planet that has a watery past and is yielding promising samples for the NASA-ESA Mars Sample Return campaign.
article_title,SAM's Top 5 Discoveries Aboard NASA's Curiosity Rover at Mars
article_teaser,Members of the mission will discuss the roverâs activities as it gathers samples in an ancient river delta.
article_title,SAM's Top 5 Discoveries Aboard NASA's Curiosity Rover at Mars
article_teaser,The rover found that Jezero Craterâs floor is made up of volcanic rocks that have interacted with water.
article_title,SAM's Top 5 Discoveries Aboard NASA's Curiosity Rover at Mars
article_teaser,Despite signs of wear, the intrepid spacecraft is about to start an exciting new chapter of its mission as it climbs a Martian mountain.
article_title,SAM's Top 5 Discoveries Aboard NASA's Curiosity Rover at Mars
article_teaser,âSelfieâ of the Curiosity rover with inset showing the SAM instrument prior to installation on the rover.
